{
  "generated_at_utc": "2026-03-05T21:50:31Z",
  "note": "Sector distributions for PE/PS computed from SEC annual Revenue/NetIncome and Finnhub market cap.",
  "sectors": {
    "Technology": {
      "pe": [
        29.547340504506835,
        34.408470498236085
      ],
      "ps": [
        61.27333514320229,
        187.59678148606147
      ],
      "n": 2,
      "pe_n": 2,
      "ps_n": 2
    },
    "Retail": {
      "pe": [
        29.967110873654175,
        55.174849216248674
      ],
      "ps": [
        1.6235620607931331,
        38.50173691225778
      ],
      "n": 2,
      "pe_n": 2,
      "ps_n": 2
    },
    "Semiconductors": {
      "pe": [
        37.04491721613353,
        255.3853591324824
      ],
      "ps": [
        20.597912712859728
      ],
      "n": 2,
      "pe_n": 2,
      "ps_n": 1
    },
    "Financial Services": {
      "pe": [
        15.706816964440955,
        30.42126931897497
      ],
      "ps": [
        2.8317973058514387,
        27.931420855076443
      ],
      "n": 2,
      "pe_n": 2,
      "ps_n": 2
    },
    "Machinery": {
      "pe": [
        351.83510402760294
      ],
      "ps": [
        5.038932085083663
      ],
      "n": 1,
      "pe_n": 1,
      "ps_n": 1
    },
    "Media": {
      "pe": [
        14.716012224044896,
        27.7434736224285,
        27.93774363927072
      ],
      "ps": [
        1.93314710751446,
        9.102599838833607,
        41.548227804664585
      ],
      "n": 3,
      "pe_n": 3,
      "ps_n": 3
    },
    "Pharmaceuticals": {
      "pe": [
        22.054477186039932
      ],
      "ps": [],
      "n": 1,
      "pe_n": 1,
      "ps_n": 0
    },
    "Banking": {
      "pe": [
        14.154125958248708
      ],
      "ps": [
        4.425748725197851
      ],
      "n": 1,
      "pe_n": 1,
      "ps_n": 1
    },
    "Beverages": {
      "pe": [
        25.626494398713568,
        27.18702874982788
      ],
      "ps": [
        2.3851063816724167,
        7.006246471369782
      ],
      "n": 2,
      "pe_n": 2,
      "ps_n": 2
    },
    "Hotels, Restaurants & Leisure": {
      "pe": [
        27.521621852947632
      ],
      "ps": [
        8.765767079292937
      ],
      "n": 1,
      "pe_n": 1,
      "ps_n": 1
    },
    "Consumer products": {
      "pe": [
        23.03050699597735
      ],
      "ps": [
        4.364877304752292
      ],
      "n": 1,
      "pe_n": 1,
      "ps_n": 1
    },
    "Automobiles": {
      "pe": [
        401.4924013895677
      ],
      "ps": [
        16.063591285941975
      ],
      "n": 1,
      "pe_n": 1,
      "ps_n": 1
    }
  },
  "debug_sample": {
    "AAPL": {
      "sector": "Technology",
      "pe": 34.408470498236085,
      "ps": 61.27333514320229
    },
    "AMZN": {
      "sector": "Retail",
      "pe": 29.967110873654175,
      "ps": 38.50173691225778
    },
    "AVGO": {
      "sector": "Semiconductors",
      "pe": 255.3853591324824,
      "ps": 276.5423754750154
    },
    "BRK-B": {
      "sector": "Financial Services",
      "pe": 15.706816964440955,
      "ps": 2.8317973058514387
    },
    "CAT": {
      "sector": "Machinery",
      "pe": 351.83510402760294,
      "ps": 5.038932085083663
    },
    "COST": {
      "sector": "Retail",
      "pe": 55.174849216248674,
      "ps": 1.6235620607931331
    },
    "DIS": {
      "sector": "Media",
      "pe": 14.716012224044896,
      "ps": 1.93314710751446
    },
    "GOOGL": {
      "sector": "Media",
      "pe": 27.7434736224285,
      "ps": 9.102599838833607
    },
    "JNJ": {
      "sector": "Pharmaceuticals",
      "pe": 22.054477186039932,
      "ps": null
    },
    "JPM": {
      "sector": "Banking",
      "pe": 14.154125958248708,
      "ps": 4.425748725197851
    },
    "KO": {
      "sector": "Beverages",
      "pe": 25.626494398713568,
      "ps": 7.006246471369782
    },
    "MCD": {
      "sector": "Hotels, Restaurants & Leisure",
      "pe": 27.521621852947632,
      "ps": 8.765767079292937
    },
    "META": {
      "sector": "Media",
      "pe": 27.93774363927072,
      "ps": 41.548227804664585
    },
    "MSFT": {
      "sector": "Technology",
      "pe": 29.547340504506835,
      "ps": 187.59678148606147
    },
    "NVDA": {
      "sector": "Semiconductors",
      "pe": 37.04491721613353,
      "ps": 20.597912712859728
    }
  }
}