{
  "generated_at_utc": "2026-03-02T21:49:10Z",
  "note": "Sector distributions for PE/PS computed from SEC annual Revenue/NetIncome and Finnhub market cap.",
  "sectors": {
    "Technology": {
      "pe": [
        28.63875229912994,
        34.626045574466566
      ],
      "ps": [
        61.66078481392687,
        181.8281329337864
      ],
      "n": 2,
      "pe_n": 2,
      "ps_n": 2
    },
    "Retail": {
      "pe": [
        29.024506098519378,
        55.39680905309297
      ],
      "ps": [
        1.6300933984449653,
        37.29067852169454
      ],
      "n": 2,
      "pe_n": 2,
      "ps_n": 2
    },
    "Semiconductors": {
      "pe": [
        35.860953128886365,
        257.0100127407973
      ],
      "ps": [
        19.93959867798164
      ],
      "n": 2,
      "pe_n": 2,
      "ps_n": 1
    },
    "Financial Services": {
      "pe": [
        16.26335103332935,
        30.42126931897497
      ],
      "ps": [
        2.932135374376757,
        27.931420855076443
      ],
      "n": 2,
      "pe_n": 2,
      "ps_n": 2
    },
    "Machinery": {
      "pe": [
        357.0551784752066
      ],
      "ps": [
        5.113693245409756
      ],
      "n": 1,
      "pe_n": 1,
      "ps_n": 1
    },
    "Media": {
      "pe": [
        15.144467232263786,
        27.119772954728905,
        28.520588675191046
      ],
      "ps": [
        1.989430463849616,
        9.357570339294403,
        40.33176477251372
      ],
      "n": 3,
      "pe_n": 3,
      "ps_n": 3
    },
    "Pharmaceuticals": {
      "pe": [
        22.33588913897179
      ],
      "ps": [],
      "n": 1,
      "pe_n": 1,
      "ps_n": 0
    },
    "Banking": {
      "pe": [
        14.197146578828352
      ],
      "ps": [
        4.439200524146738
      ],
      "n": 1,
      "pe_n": 1,
      "ps_n": 1
    },
    "Beverages": {
      "pe": [
        26.761804315861752,
        28.152307875
      ],
      "ps": [
        2.4697899056694173,
        7.316638559229053
      ],
      "n": 2,
      "pe_n": 2,
      "ps_n": 2
    },
    "Hotels, Restaurants & Leisure": {
      "pe": [
        28.294820951652454
      ],
      "ps": [
        9.012034659066392
      ],
      "n": 1,
      "pe_n": 1,
      "ps_n": 1
    },
    "Consumer products": {
      "pe": [
        24.325335881369725
      ],
      "ps": [
        4.610280899921693
      ],
      "n": 1,
      "pe_n": 1,
      "ps_n": 1
    },
    "Automobiles": {
      "pe": [
        398.0999985719558
      ],
      "ps": [
        15.927862260558705
      ],
      "n": 1,
      "pe_n": 1,
      "ps_n": 1
    }
  },
  "debug_sample": {
    "AAPL": {
      "sector": "Technology",
      "pe": 34.626045574466566,
      "ps": 61.66078481392687
    },
    "AMZN": {
      "sector": "Retail",
      "pe": 29.024506098519378,
      "ps": 37.29067852169454
    },
    "AVGO": {
      "sector": "Semiconductors",
      "pe": 257.0100127407973,
      "ps": 278.3016210703527
    },
    "BRK-B": {
      "sector": "Financial Services",
      "pe": 16.26335103332935,
      "ps": 2.932135374376757
    },
    "CAT": {
      "sector": "Machinery",
      "pe": 357.0551784752066,
      "ps": 5.113693245409756
    },
    "COST": {
      "sector": "Retail",
      "pe": 55.39680905309297,
      "ps": 1.6300933984449653
    },
    "DIS": {
      "sector": "Media",
      "pe": 15.144467232263786,
      "ps": 1.989430463849616
    },
    "GOOGL": {
      "sector": "Media",
      "pe": 28.520588675191046,
      "ps": 9.357570339294403
    },
    "JNJ": {
      "sector": "Pharmaceuticals",
      "pe": 22.33588913897179,
      "ps": null
    },
    "JPM": {
      "sector": "Banking",
      "pe": 14.197146578828352,
      "ps": 4.439200524146738
    },
    "KO": {
      "sector": "Beverages",
      "pe": 26.761804315861752,
      "ps": 7.316638559229053
    },
    "MCD": {
      "sector": "Hotels, Restaurants & Leisure",
      "pe": 28.294820951652454,
      "ps": 9.012034659066392
    },
    "META": {
      "sector": "Media",
      "pe": 27.119772954728905,
      "ps": 40.33176477251372
    },
    "MSFT": {
      "sector": "Technology",
      "pe": 28.63875229912994,
      "ps": 181.8281329337864
    },
    "NVDA": {
      "sector": "Semiconductors",
      "pe": 35.860953128886365,
      "ps": 19.93959867798164
    }
  }
}