{
  "generated_at_utc": "2026-03-04T21:49:04Z",
  "note": "Sector distributions for PE/PS computed from SEC annual Revenue/NetIncome and Finnhub market cap.",
  "sectors": {
    "Technology": {
      "pe": [
        29.41389619768737,
        34.56626555245225
      ],
      "ps": [
        61.55433075564668,
        186.7495403455889
      ],
      "n": 2,
      "pe_n": 2,
      "ps_n": 2
    },
    "Retail": {
      "pe": [
        29.823370465441826,
        54.98248205019882
      ],
      "ps": [
        1.6179015100716123,
        38.31705927002575
      ],
      "n": 2,
      "pe_n": 2,
      "ps_n": 2
    },
    "Semiconductors": {
      "pe": [
        36.9589027394243,
        258.23253631677676
      ],
      "ps": [
        20.55008648415035
      ],
      "n": 2,
      "pe_n": 2,
      "ps_n": 1
    },
    "Financial Services": {
      "pe": [
        15.588605116052616,
        30.42126931897497
      ],
      "ps": [
        2.810484776741074,
        27.931420855076443
      ],
      "n": 2,
      "pe_n": 2,
      "ps_n": 2
    },
    "Machinery": {
      "pe": [
        356.1178625790271
      ],
      "ps": [
        5.100269141080623
      ],
      "n": 1,
      "pe_n": 1,
      "ps_n": 1
    },
    "Media": {
      "pe": [
        14.740291359119503,
        27.775506795548456,
        27.985859502247017
      ],
      "ps": [
        1.9363365000637365,
        9.113109883842654,
        41.61978436491403
      ],
      "n": 3,
      "pe_n": 3,
      "ps_n": 3
    },
    "Pharmaceuticals": {
      "pe": [
        22.04278912230497
      ],
      "ps": [],
      "n": 1,
      "pe_n": 1,
      "ps_n": 0
    },
    "Banking": {
      "pe": [
        14.094084741217491
      ],
      "ps": [
        4.406974882113575
      ],
      "n": 1,
      "pe_n": 1,
      "ps_n": 1
    },
    "Beverages": {
      "pe": [
        25.582197641430263,
        27.163808983936132
      ],
      "ps": [
        2.383069321561179,
        6.994135802053075
      ],
      "n": 2,
      "pe_n": 2,
      "ps_n": 2
    },
    "Hotels, Restaurants & Leisure": {
      "pe": [
        27.485948441852294
      ],
      "ps": [
        8.754404928680723
      ],
      "n": 1,
      "pe_n": 1,
      "ps_n": 1
    },
    "Consumer products": {
      "pe": [
        23.057421991519078
      ],
      "ps": [
        4.369978393200676
      ],
      "n": 1,
      "pe_n": 1,
      "ps_n": 1
    },
    "Automobiles": {
      "pe": [
        401.1857978411843
      ],
      "ps": [
        16.05132416937637
      ],
      "n": 1,
      "pe_n": 1,
      "ps_n": 1
    }
  },
  "debug_sample": {
    "AAPL": {
      "sector": "Technology",
      "pe": 34.56626555245225,
      "ps": 61.55433075564668
    },
    "AMZN": {
      "sector": "Retail",
      "pe": 29.823370465441826,
      "ps": 38.31705927002575
    },
    "AVGO": {
      "sector": "Semiconductors",
      "pe": 258.23253631677676,
      "ps": 279.6254227750549
    },
    "BRK-B": {
      "sector": "Financial Services",
      "pe": 15.588605116052616,
      "ps": 2.810484776741074
    },
    "CAT": {
      "sector": "Machinery",
      "pe": 356.1178625790271,
      "ps": 5.100269141080623
    },
    "COST": {
      "sector": "Retail",
      "pe": 54.98248205019882,
      "ps": 1.6179015100716123
    },
    "DIS": {
      "sector": "Media",
      "pe": 14.740291359119503,
      "ps": 1.9363365000637365
    },
    "GOOGL": {
      "sector": "Media",
      "pe": 27.775506795548456,
      "ps": 9.113109883842654
    },
    "JNJ": {
      "sector": "Pharmaceuticals",
      "pe": 22.04278912230497,
      "ps": null
    },
    "JPM": {
      "sector": "Banking",
      "pe": 14.094084741217491,
      "ps": 4.406974882113575
    },
    "KO": {
      "sector": "Beverages",
      "pe": 25.582197641430263,
      "ps": 6.994135802053075
    },
    "MCD": {
      "sector": "Hotels, Restaurants & Leisure",
      "pe": 27.485948441852294,
      "ps": 8.754404928680723
    },
    "META": {
      "sector": "Media",
      "pe": 27.985859502247017,
      "ps": 41.61978436491403
    },
    "MSFT": {
      "sector": "Technology",
      "pe": 29.41389619768737,
      "ps": 186.7495403455889
    },
    "NVDA": {
      "sector": "Semiconductors",
      "pe": 36.9589027394243,
      "ps": 20.55008648415035
    }
  }
}