{
  "generated_at_utc": "2026-03-08T21:36:21Z",
  "note": "Sector distributions for PE/PS computed from SEC annual Revenue/NetIncome and Finnhub market cap.",
  "sectors": {
    "Technology": {
      "pe": [
        29.821521165655504,
        33.745257905293954
      ],
      "ps": [
        60.092310619586264,
        189.3375611535028
      ],
      "n": 2,
      "pe_n": 2,
      "ps_n": 2
    },
    "Retail": {
      "pe": [
        29.46816673462143,
        54.70132938594082
      ],
      "ps": [
        1.6096283782830478,
        37.860693601277795
      ],
      "n": 2,
      "pe_n": 2,
      "ps_n": 2
    },
    "Semiconductors": {
      "pe": [
        35.98845572630515,
        265.80087451423583
      ],
      "ps": [
        20.010493353139697
      ],
      "n": 2,
      "pe_n": 2,
      "ps_n": 1
    },
    "Financial Services": {
      "pe": [
        16.057895478898946,
        30.42126931897497
      ],
      "ps": [
        2.8950935926570485,
        27.931420855076443
      ],
      "n": 2,
      "pe_n": 2,
      "ps_n": 2
    },
    "Machinery": {
      "pe": [
        327.28736226953095
      ],
      "ps": [
        4.687362835326843
      ],
      "n": 1,
      "pe_n": 1,
      "ps_n": 1
    },
    "Media": {
      "pe": [
        14.501784651733312,
        26.980865159532165,
        27.323585930266326
      ],
      "ps": [
        1.9050054203876092,
        8.964835199444192,
        40.12518500024588
      ],
      "n": 3,
      "pe_n": 3,
      "ps_n": 3
    },
    "Pharmaceuticals": {
      "pe": [
        21.613927531811022
      ],
      "ps": [],
      "n": 1,
      "pe_n": 1,
      "ps_n": 0
    },
    "Banking": {
      "pe": [
        13.681832221357846
      ],
      "ps": [
        4.278070697594492
      ],
      "n": 1,
      "pe_n": 1,
      "ps_n": 1
    },
    "Beverages": {
      "pe": [
        25.2786835892091,
        26.44233659723175
      ],
      "ps": [
        2.3197748582506215,
        6.911155499546602
      ],
      "n": 2,
      "pe_n": 2,
      "ps_n": 2
    },
    "Hotels, Restaurants & Leisure": {
      "pe": [
        27.21632373744292
      ],
      "ps": [
        8.668528181652361
      ],
      "n": 1,
      "pe_n": 1,
      "ps_n": 1
    },
    "Consumer products": {
      "pe": [
        22.35108584315029
      ],
      "ps": [
        4.236109406986887
      ],
      "n": 1,
      "pe_n": 1,
      "ps_n": 1
    },
    "Automobiles": {
      "pe": [
        392.38330438417523
      ],
      "ps": [
        15.69913903037701
      ],
      "n": 1,
      "pe_n": 1,
      "ps_n": 1
    }
  },
  "debug_sample": {
    "AAPL": {
      "sector": "Technology",
      "pe": 33.745257905293954,
      "ps": 60.092310619586264
    },
    "AMZN": {
      "sector": "Retail",
      "pe": 29.46816673462143,
      "ps": 37.860693601277795
    },
    "AVGO": {
      "sector": "Semiconductors",
      "pe": 265.80087451423583,
      "ps": 287.82074857851217
    },
    "BRK-B": {
      "sector": "Financial Services",
      "pe": 16.057895478898946,
      "ps": 2.8950935926570485
    },
    "CAT": {
      "sector": "Machinery",
      "pe": 327.28736226953095,
      "ps": 4.687362835326843
    },
    "COST": {
      "sector": "Retail",
      "pe": 54.70132938594082,
      "ps": 1.6096283782830478
    },
    "DIS": {
      "sector": "Media",
      "pe": 14.501784651733312,
      "ps": 1.9050054203876092
    },
    "GOOGL": {
      "sector": "Media",
      "pe": 27.323585930266326,
      "ps": 8.964835199444192
    },
    "JNJ": {
      "sector": "Pharmaceuticals",
      "pe": 21.613927531811022,
      "ps": null
    },
    "JPM": {
      "sector": "Banking",
      "pe": 13.681832221357846,
      "ps": 4.278070697594492
    },
    "KO": {
      "sector": "Beverages",
      "pe": 25.2786835892091,
      "ps": 6.911155499546602
    },
    "MCD": {
      "sector": "Hotels, Restaurants & Leisure",
      "pe": 27.21632373744292,
      "ps": 8.668528181652361
    },
    "META": {
      "sector": "Media",
      "pe": 26.980865159532165,
      "ps": 40.12518500024588
    },
    "MSFT": {
      "sector": "Technology",
      "pe": 29.821521165655504,
      "ps": 189.3375611535028
    },
    "NVDA": {
      "sector": "Semiconductors",
      "pe": 35.98845572630515,
      "ps": 20.010493353139697
    }
  }
}