{
  "generated_at_utc": "2026-03-06T21:43:41Z",
  "note": "Sector distributions for PE/PS computed from SEC annual Revenue/NetIncome and Finnhub market cap.",
  "sectors": {
    "Technology": {
      "pe": [
        29.94694566628509,
        34.116183190519536
      ],
      "ps": [
        60.75284068632899,
        190.13388434996838
      ],
      "n": 2,
      "pe_n": 2,
      "ps_n": 2
    },
    "Retail": {
      "pe": [
        30.260121808902497,
        53.850199672139965
      ],
      "ps": [
        1.584583236669252,
        38.87819729206916
      ],
      "n": 2,
      "pe_n": 2,
      "ps_n": 2
    },
    "Semiconductors": {
      "pe": [
        37.10563132738891,
        267.6427002912878
      ],
      "ps": [
        20.631671297250158
      ],
      "n": 2,
      "pe_n": 2,
      "ps_n": 1
    },
    "Financial Services": {
      "pe": [
        16.13060543952914,
        30.42126931897497
      ],
      "ps": [
        2.9082025421715993,
        27.931420855076443
      ],
      "n": 2,
      "pe_n": 2,
      "ps_n": 2
    },
    "Machinery": {
      "pe": [
        339.3905799800026
      ],
      "ps": [
        4.860703389910229
      ],
      "n": 1,
      "pe_n": 1,
      "ps_n": 1
    },
    "Media": {
      "pe": [
        14.626036303666943,
        27.551431502787672,
        27.638168562954093
      ],
      "ps": [
        1.9213275542566561,
        9.039591053737617,
        41.10270816370449
      ],
      "n": 3,
      "pe_n": 3,
      "ps_n": 3
    },
    "Pharmaceuticals": {
      "pe": [
        21.544698058864945
      ],
      "ps": [],
      "n": 1,
      "pe_n": 1,
      "ps_n": 0
    },
    "Banking": {
      "pe": [
        13.878031140643907
      ],
      "ps": [
        4.339418683296813
      ],
      "n": 1,
      "pe_n": 1,
      "ps_n": 1
    },
    "Beverages": {
      "pe": [
        25.275402254616008,
        26.65297324467025
      ],
      "ps": [
        2.3382539210655615,
        6.910258387418953
      ],
      "n": 2,
      "pe_n": 2,
      "ps_n": 2
    },
    "Hotels, Restaurants & Leisure": {
      "pe": [
        27.16571545828787
      ],
      "ps": [
        8.65240920473569
      ],
      "n": 1,
      "pe_n": 1,
      "ps_n": 1
    },
    "Consumer products": {
      "pe": [
        22.403460603803218
      ],
      "ps": [
        4.2460357800430995
      ],
      "n": 1,
      "pe_n": 1,
      "ps_n": 1
    },
    "Automobiles": {
      "pe": [
        401.1066842433157
      ],
      "ps": [
        16.048158857911144
      ],
      "n": 1,
      "pe_n": 1,
      "ps_n": 1
    }
  },
  "debug_sample": {
    "AAPL": {
      "sector": "Technology",
      "pe": 34.116183190519536,
      "ps": 60.75284068632899
    },
    "AMZN": {
      "sector": "Retail",
      "pe": 30.260121808902497,
      "ps": 38.87819729206916
    },
    "AVGO": {
      "sector": "Semiconductors",
      "pe": 267.6427002912878,
      "ps": 289.8151576445888
    },
    "BRK-B": {
      "sector": "Financial Services",
      "pe": 16.13060543952914,
      "ps": 2.9082025421715993
    },
    "CAT": {
      "sector": "Machinery",
      "pe": 339.3905799800026,
      "ps": 4.860703389910229
    },
    "COST": {
      "sector": "Retail",
      "pe": 53.850199672139965,
      "ps": 1.584583236669252
    },
    "DIS": {
      "sector": "Media",
      "pe": 14.626036303666943,
      "ps": 1.9213275542566561
    },
    "GOOGL": {
      "sector": "Media",
      "pe": 27.551431502787672,
      "ps": 9.039591053737617
    },
    "JNJ": {
      "sector": "Pharmaceuticals",
      "pe": 21.544698058864945,
      "ps": null
    },
    "JPM": {
      "sector": "Banking",
      "pe": 13.878031140643907,
      "ps": 4.339418683296813
    },
    "KO": {
      "sector": "Beverages",
      "pe": 25.275402254616008,
      "ps": 6.910258387418953
    },
    "MCD": {
      "sector": "Hotels, Restaurants & Leisure",
      "pe": 27.16571545828787,
      "ps": 8.65240920473569
    },
    "META": {
      "sector": "Media",
      "pe": 27.638168562954093,
      "ps": 41.10270816370449
    },
    "MSFT": {
      "sector": "Technology",
      "pe": 29.94694566628509,
      "ps": 190.13388434996838
    },
    "NVDA": {
      "sector": "Semiconductors",
      "pe": 37.10563132738891,
      "ps": 20.631671297250158
    }
  }
}