{
  "generated_at_utc": "2026-03-03T21:47:31Z",
  "note": "Sector distributions for PE/PS computed from SEC annual Revenue/NetIncome and Finnhub market cap.",
  "sectors": {
    "Technology": {
      "pe": [
        28.899807113552185,
        34.44387263742367
      ],
      "ps": [
        61.33637796689706,
        183.48557628201547
      ],
      "n": 2,
      "pe_n": 2,
      "ps_n": 2
    },
    "Retail": {
      "pe": [
        28.130274804421354,
        55.04660444425285
      ],
      "ps": [
        1.6197883604701577,
        36.1417703680447
      ],
      "n": 2,
      "pe_n": 2,
      "ps_n": 2
    },
    "Semiconductors": {
      "pe": [
        35.88625016963527,
        248.59718259310264
      ],
      "ps": [
        19.9536644736804
      ],
      "n": 2,
      "pe_n": 2,
      "ps_n": 1
    },
    "Financial Services": {
      "pe": [
        15.39680643494481,
        30.42126931897497
      ],
      "ps": [
        2.7759052059944005,
        27.931420855076443
      ],
      "n": 2,
      "pe_n": 2,
      "ps_n": 2
    },
    "Machinery": {
      "pe": [
        343.4714746268304
      ],
      "ps": [
        4.9191493799105155
      ],
      "n": 1,
      "pe_n": 1,
      "ps_n": 1
    },
    "Media": {
      "pe": [
        14.683163806401039,
        26.942162870953318,
        27.213463414803073
      ],
      "ps": [
        1.928832023877135,
        8.92870413650846,
        40.06762804349238
      ],
      "n": 3,
      "pe_n": 3,
      "ps_n": 3
    },
    "Pharmaceuticals": {
      "pe": [
        22.087293455729938
      ],
      "ps": [],
      "n": 1,
      "pe_n": 1,
      "ps_n": 0
    },
    "Banking": {
      "pe": [
        13.957454946585683
      ],
      "ps": [
        4.364253124429671
      ],
      "n": 1,
      "pe_n": 1,
      "ps_n": 1
    },
    "Beverages": {
      "pe": [
        25.971026327102265,
        27.50215333260924
      ],
      "ps": [
        2.412752126278415,
        7.10044100184246
      ],
      "n": 2,
      "pe_n": 2,
      "ps_n": 2
    },
    "Hotels, Restaurants & Leisure": {
      "pe": [
        27.2943070526261
      ],
      "ps": [
        8.693366237367949
      ],
      "n": 1,
      "pe_n": 1,
      "ps_n": 1
    },
    "Consumer products": {
      "pe": [
        23.197088038818478
      ],
      "ps": [
        4.396448724931023
      ],
      "n": 1,
      "pe_n": 1,
      "ps_n": 1
    },
    "Automobiles": {
      "pe": [
        381.72143179361666
      ],
      "ps": [
        15.27256068656587
      ],
      "n": 1,
      "pe_n": 1,
      "ps_n": 1
    }
  },
  "debug_sample": {
    "AAPL": {
      "sector": "Technology",
      "pe": 34.44387263742367,
      "ps": 61.33637796689706
    },
    "AMZN": {
      "sector": "Retail",
      "pe": 28.130274804421354,
      "ps": 36.1417703680447
    },
    "AVGO": {
      "sector": "Semiconductors",
      "pe": 248.59718259310264,
      "ps": 269.19184264995226
    },
    "BRK-B": {
      "sector": "Financial Services",
      "pe": 15.39680643494481,
      "ps": 2.7759052059944005
    },
    "CAT": {
      "sector": "Machinery",
      "pe": 343.4714746268304,
      "ps": 4.9191493799105155
    },
    "COST": {
      "sector": "Retail",
      "pe": 55.04660444425285,
      "ps": 1.6197883604701577
    },
    "DIS": {
      "sector": "Media",
      "pe": 14.683163806401039,
      "ps": 1.928832023877135
    },
    "GOOGL": {
      "sector": "Media",
      "pe": 27.213463414803073,
      "ps": 8.92870413650846
    },
    "JNJ": {
      "sector": "Pharmaceuticals",
      "pe": 22.087293455729938,
      "ps": null
    },
    "JPM": {
      "sector": "Banking",
      "pe": 13.957454946585683,
      "ps": 4.364253124429671
    },
    "KO": {
      "sector": "Beverages",
      "pe": 25.971026327102265,
      "ps": 7.10044100184246
    },
    "MCD": {
      "sector": "Hotels, Restaurants & Leisure",
      "pe": 27.2943070526261,
      "ps": 8.693366237367949
    },
    "META": {
      "sector": "Media",
      "pe": 26.942162870953318,
      "ps": 40.06762804349238
    },
    "MSFT": {
      "sector": "Technology",
      "pe": 28.899807113552185,
      "ps": 183.48557628201547
    },
    "NVDA": {
      "sector": "Semiconductors",
      "pe": 35.88625016963527,
      "ps": 19.9536644736804
    }
  }
}