{
  "generated_at_utc": "2026-03-03T07:54:00Z",
  "note": "Sector distributions for PE/PS computed from SEC annual Revenue/NetIncome and Finnhub market cap.",
  "sectors": {
    "Technology": {
      "pe": [
        29.062419740332633,
        34.696823319224734
      ],
      "ps": [
        61.78682321122992,
        184.51800779335076
      ],
      "n": 2,
      "pe_n": 2,
      "ps_n": 2
    },
    "Retail": {
      "pe": [
        28.801984885097394,
        54.95726927865338
      ],
      "ps": [
        1.6171596050204868,
        37.00478331969488
      ],
      "n": 2,
      "pe_n": 2,
      "ps_n": 2
    },
    "Semiconductors": {
      "pe": [
        36.93158037676609,
        256.4228829980316
      ],
      "ps": [
        20.53489455814713
      ],
      "n": 2,
      "pe_n": 2,
      "ps_n": 1
    },
    "Financial Services": {
      "pe": [
        15.468444840154733,
        30.42126931897497
      ],
      "ps": [
        2.788820963740112,
        27.931420855076443
      ],
      "n": 2,
      "pe_n": 2,
      "ps_n": 2
    },
    "Machinery": {
      "pe": [
        361.6167250521216
      ],
      "ps": [
        5.179023063670918
      ],
      "n": 1,
      "pe_n": 1,
      "ps_n": 1
    },
    "Media": {
      "pe": [
        14.900247702207475,
        27.34487150528036,
        28.041220299972924
      ],
      "ps": [
        1.9573489277011547,
        9.20029016038145,
        40.666525015773495
      ],
      "n": 3,
      "pe_n": 3,
      "ps_n": 3
    },
    "Pharmaceuticals": {
      "pe": [
        22.347577202362146
      ],
      "ps": [],
      "n": 1,
      "pe_n": 1,
      "ps_n": 0
    },
    "Banking": {
      "pe": [
        14.067608844476073
      ],
      "ps": [
        4.398696330220124
      ],
      "n": 1,
      "pe_n": 1,
      "ps_n": 1
    },
    "Beverages": {
      "pe": [
        26.322117977175456,
        27.744303413043475
      ],
      "ps": [
        2.4339958490655125,
        7.196428950727742
      ],
      "n": 2,
      "pe_n": 2,
      "ps_n": 2
    },
    "Hotels, Restaurants & Leisure": {
      "pe": [
        27.777141708298466
      ],
      "ps": [
        8.847151365005013
      ],
      "n": 1,
      "pe_n": 1,
      "ps_n": 1
    },
    "Consumer products": {
      "pe": [
        23.788490849059592
      ],
      "ps": [
        4.508534868099259
      ],
      "n": 1,
      "pe_n": 1,
      "ps_n": 1
    },
    "Automobiles": {
      "pe": [
        398.9011240069594
      ],
      "ps": [
        15.959915050380205
      ],
      "n": 1,
      "pe_n": 1,
      "ps_n": 1
    }
  },
  "debug_sample": {
    "AAPL": {
      "sector": "Technology",
      "pe": 34.696823319224734,
      "ps": 61.78682321122992
    },
    "AMZN": {
      "sector": "Retail",
      "pe": 28.801984885097394,
      "ps": 37.00478331969488
    },
    "AVGO": {
      "sector": "Semiconductors",
      "pe": 256.4228829980316,
      "ps": 277.6658514462521
    },
    "BRK-B": {
      "sector": "Financial Services",
      "pe": 15.468444840154733,
      "ps": 2.788820963740112
    },
    "CAT": {
      "sector": "Machinery",
      "pe": 361.6167250521216,
      "ps": 5.179023063670918
    },
    "COST": {
      "sector": "Retail",
      "pe": 54.95726927865338,
      "ps": 1.6171596050204868
    },
    "DIS": {
      "sector": "Media",
      "pe": 14.900247702207475,
      "ps": 1.9573489277011547
    },
    "GOOGL": {
      "sector": "Media",
      "pe": 28.041220299972924,
      "ps": 9.20029016038145
    },
    "JNJ": {
      "sector": "Pharmaceuticals",
      "pe": 22.347577202362146,
      "ps": null
    },
    "JPM": {
      "sector": "Banking",
      "pe": 14.067608844476073,
      "ps": 4.398696330220124
    },
    "KO": {
      "sector": "Beverages",
      "pe": 26.322117977175456,
      "ps": 7.196428950727742
    },
    "MCD": {
      "sector": "Hotels, Restaurants & Leisure",
      "pe": 27.777141708298466,
      "ps": 8.847151365005013
    },
    "META": {
      "sector": "Media",
      "pe": 27.34487150528036,
      "ps": 40.666525015773495
    },
    "MSFT": {
      "sector": "Technology",
      "pe": 29.062419740332633,
      "ps": 184.51800779335076
    },
    "NVDA": {
      "sector": "Semiconductors",
      "pe": 36.93158037676609,
      "ps": 20.53489455814713
    }
  }
}